Savings Goals, Monthly Savings, Time it Will Take to Reach Goal


10000.0, 1000.0, 10.0

3000.0, 300.0, 10.0

4000.0, 12.12, 330.03300330033005

1e+94, 12000000.0, 8.333333333333334e+86

9.0, 0.01, 900.0

9013143531.0, 1345.0, 6701221.956133829

14531531.0, 135.0, 107640.97037037037
